dataset,model,accuracy,precision,recall,f1
enron,Logistic Regression,0.9816651638112414,0.9711958102996799,0.9931567985718536,0.9820535451603413
enron,Naive Bayes,0.974902314397355,0.9713695395513577,0.979172865218685,0.9752555934212476
enron,Random Forest,0.9831680192365494,0.9779346866725508,0.9889913716155906,0.9834319526627219
aigen,Logistic Regression,0.9673616103522645,0.9539713724389559,0.9818024263431543,0.9676868327402135
aigen,Naive Bayes,0.9468008626887131,0.9447640966628308,0.9485846331600231,0.9466705102334967
aigen,Random Forest,0.9768511861969806,0.9692920102359965,0.9846909300982092,0.9769307923771314
trec,Logistic Regression,0.9384920634920635,1.0,0.9384920634920635,0.9682702149437052,87265.90224570673
trec,Naive Bayes,0.8432539682539683,1.0,0.8432539682539683,0.9149623250807319,125463.18570835065
trec,Random Forest,0.9861111111111112,1.0,0.9861111111111112,0.993006993006993,2371.436377975192